"","gbifID","occurrenceID","occurrenceStatus","year","decimalLatitude","decimalLongitude","coordinateUncertaintyInMeters","species","acceptedScientificName"
"1",5104736468,"https://www.inaturalist.org/observations/266816357","PRESENT",2025,43.699085,-79.336678,6,"Vincetoxicum rossicum","Vincetoxicum rossicum (Kleopow) Barbar."
"2",5104552176,"https://www.inaturalist.org/observations/266605246","PRESENT",2025,43.723152,-79.311684,14,"Vincetoxicum rossicum","Vincetoxicum rossicum (Kleopow) Barbar."
"3",5087850463,"https://www.inaturalist.org/observations/265112437","PRESENT",2025,43.779603,-79.382211,5,"Vincetoxicum rossicum","Vincetoxicum rossicum (Kleopow) Barbar."
"4",5063803423,"https://www.inaturalist.org/observations/260539708","PRESENT",2023,43.641513,-79.462738,4,"Vincetoxicum rossicum","Vincetoxicum rossicum (Kleopow) Barbar."
"5",5008198969,"https://www.inaturalist.org/observations/221638315","PRESENT",2024,43.648033,-79.49537,4,"Vincetoxicum rossicum","Vincetoxicum rossicum (Kleopow) Barbar."
"6",5007836530,"https://www.inaturalist.org/observations/257350391","PRESENT",2024,43.696905,-79.464055,8,"Vincetoxicum rossicum","Vincetoxicum rossicum (Kleopow) Barbar."
"7",5007815093,"https://www.inaturalist.org/observations/241054924","PRESENT",2024,43.70813,-79.506447,6,"Vincetoxicum rossicum","Vincetoxicum rossicum (Kleopow) Barbar."
"8",5007375722,"https://www.inaturalist.org/observations/82771416","PRESENT",2021,43.724487,-79.364297,6,"Vincetoxicum rossicum","Vincetoxicum rossicum (Kleopow) Barbar."
"9",4987805105,"https://www.inaturalist.org/observations/95161104","PRESENT",2021,43.732505,-79.37697,4,"Vincetoxicum rossicum","Vincetoxicum rossicum (Kleopow) Barbar."
"10",4980551347,"https://www.inaturalist.org/observations/251003874","PRESENT",2024,43.627026,-79.714256,4,"Vincetoxicum rossicum","Vincetoxicum rossicum (Kleopow) Barbar."
"11",4954412460,"https://www.inaturalist.org/observations/246935104","PRESENT",2024,43.843383,-79.192878,4,"Vincetoxicum rossicum","Vincetoxicum rossicum (Kleopow) Barbar."
"12",4946299209,"https://www.inaturalist.org/observations/211883988","PRESENT",2024,43.771708,-79.458162,4,"Vincetoxicum rossicum","Vincetoxicum rossicum (Kleopow) Barbar."
"13",4946266138,"https://www.inaturalist.org/observations/162773986","PRESENT",2023,43.763697,-79.443987,4,"Vincetoxicum rossicum","Vincetoxicum rossicum (Kleopow) Barbar."
"14",4946168561,"https://www.inaturalist.org/observations/239986802","PRESENT",2024,43.682716,-79.41229,16,"Vincetoxicum rossicum","Vincetoxicum rossicum (Kleopow) Barbar."
"15",4946009195,"https://www.inaturalist.org/observations/240697761","PRESENT",2024,43.875894,-79.489021,3,"Vincetoxicum rossicum","Vincetoxicum rossicum (Kleopow) Barbar."
"16",4945989952,"https://www.inaturalist.org/observations/240584981","PRESENT",2024,43.811859,-79.150351,4,"Vincetoxicum rossicum","Vincetoxicum rossicum (Kleopow) Barbar."
"17",4945786017,"https://www.inaturalist.org/observations/171600717","PRESENT",2023,43.776753,-79.369094,4,"Vincetoxicum rossicum","Vincetoxicum rossicum (Kleopow) Barbar."
"18",4945589229,"https://www.inaturalist.org/observations/171808387","PRESENT",2023,43.770817,-79.361764,4,"Vincetoxicum rossicum","Vincetoxicum rossicum (Kleopow) Barbar."
"19",4936932450,"https://www.inaturalist.org/observations/238688235","PRESENT",2024,43.732323,-79.359244,7,"Vincetoxicum rossicum","Vincetoxicum rossicum (Kleopow) Barbar."
"20",4936929800,"https://www.inaturalist.org/observations/239473231","PRESENT",2024,44.007786,-79.087825,9,"Vincetoxicum rossicum","Vincetoxicum rossicum (Kleopow) Barbar."
"21",4936536437,"https://www.inaturalist.org/observations/238627649","PRESENT",2024,43.872418,-79.139322,3,"Vincetoxicum rossicum","Vincetoxicum rossicum (Kleopow) Barbar."
"22",4936363803,"https://www.inaturalist.org/observations/233482374","PRESENT",2024,43.713689,-79.319463,8,"Vincetoxicum rossicum","Vincetoxicum rossicum (Kleopow) Barbar."
"23",4936164454,"https://www.inaturalist.org/observations/239506143","PRESENT",2024,43.821608,-79.588905,7,"Vincetoxicum rossicum","Vincetoxicum rossicum (Kleopow) Barbar."
"24",4936108532,"https://www.inaturalist.org/observations/238691427","PRESENT",2024,43.735289,-79.357693,4,"Vincetoxicum rossicum","Vincetoxicum rossicum (Kleopow) Barbar."
"25",4935698308,"https://www.inaturalist.org/observations/222231696","PRESENT",2024,43.767623,-79.690324,4,"Vincetoxicum rossicum","Vincetoxicum rossicum (Kleopow) Barbar."
"26",4926058784,"https://www.inaturalist.org/observations/235887904","PRESENT",2024,43.733506,-79.539041,15,"Vincetoxicum rossicum","Vincetoxicum rossicum (Kleopow) Barbar."
"27",4923767659,"https://www.inaturalist.org/observations/235435075","PRESENT",2024,43.80632,-79.105278,4,"Vincetoxicum rossicum","Vincetoxicum rossicum (Kleopow) Barbar."
"28",4923685676,"https://www.inaturalist.org/observations/234632038","PRESENT",2024,43.728238,-79.519244,4,"Vincetoxicum rossicum","Vincetoxicum rossicum (Kleopow) Barbar."
"29",4921945054,"https://www.inaturalist.org/observations/233536776","PRESENT",2024,43.729248,-79.211546,4,"Vincetoxicum rossicum","Vincetoxicum rossicum (Kleopow) Barbar."
"30",4921469401,"https://www.inaturalist.org/observations/233532789","PRESENT",2024,43.72859,-79.219709,9,"Vincetoxicum rossicum","Vincetoxicum rossicum (Kleopow) Barbar."
"31",4919579033,"https://www.inaturalist.org/observations/231407069","PRESENT",2024,43.723696,-79.371259,12,"Vincetoxicum rossicum","Vincetoxicum rossicum (Kleopow) Barbar."
"32",4919384940,"https://www.inaturalist.org/observations/231427508","PRESENT",2024,43.722801,-79.371401,4,"Vincetoxicum rossicum","Vincetoxicum rossicum (Kleopow) Barbar."
"33",4919369836,"https://www.inaturalist.org/observations/232144016","PRESENT",2024,43.827444,-79.368705,3,"Vincetoxicum rossicum","Vincetoxicum rossicum (Kleopow) Barbar."
"34",4919216262,"https://www.inaturalist.org/observations/231513608","PRESENT",2024,43.778509,-79.358111,5,"Vincetoxicum rossicum","Vincetoxicum rossicum (Kleopow) Barbar."
"35",4910924183,"https://www.inaturalist.org/observations/231087630","PRESENT",2024,43.6786,-79.553453,12,"Vincetoxicum rossicum","Vincetoxicum rossicum (Kleopow) Barbar."
"36",4910718048,"https://www.inaturalist.org/observations/230614940","PRESENT",2024,43.724409,-79.361068,9,"Vincetoxicum rossicum","Vincetoxicum rossicum (Kleopow) Barbar."
"37",4909162652,"https://www.inaturalist.org/observations/180666948","PRESENT",2023,43.724491,-79.605293,4,"Vincetoxicum rossicum","Vincetoxicum rossicum (Kleopow) Barbar."
"38",4908919696,"https://www.inaturalist.org/observations/227511339","PRESENT",2024,43.692381,-79.399729,4,"Vincetoxicum rossicum","Vincetoxicum rossicum (Kleopow) Barbar."
"39",4908748459,"https://www.inaturalist.org/observations/229056333","PRESENT",2024,43.801844,-79.356686,18,"Vincetoxicum rossicum","Vincetoxicum rossicum (Kleopow) Barbar."
"40",4908669387,"https://www.inaturalist.org/observations/228114659","PRESENT",2024,43.842158,-79.617967,4,"Vincetoxicum rossicum","Vincetoxicum rossicum (Kleopow) Barbar."
"41",4908649797,"https://www.inaturalist.org/observations/226963831","PRESENT",2024,43.716903,-79.224603,7,"Vincetoxicum rossicum","Vincetoxicum rossicum (Kleopow) Barbar."
"42",4908373361,"https://www.inaturalist.org/observations/222948199","PRESENT",2024,43.843781,-79.615051,3,"Vincetoxicum rossicum","Vincetoxicum rossicum (Kleopow) Barbar."
"43",4908238689,"https://www.inaturalist.org/observations/180668794","PRESENT",2023,43.726532,-79.609436,4,"Vincetoxicum rossicum","Vincetoxicum rossicum (Kleopow) Barbar."
"44",4908221652,"https://www.inaturalist.org/observations/228310216","PRESENT",2024,43.727814,-79.60862,5,"Vincetoxicum rossicum","Vincetoxicum rossicum (Kleopow) Barbar."
"45",4908135111,"https://www.inaturalist.org/observations/229921828","PRESENT",2024,43.950885,-79.078818,5,"Vincetoxicum rossicum","Vincetoxicum rossicum (Kleopow) Barbar."
"46",4904083448,"https://www.inaturalist.org/observations/226546948","PRESENT",2024,43.764222,-79.440225,10,"Vincetoxicum rossicum","Vincetoxicum rossicum (Kleopow) Barbar."
"47",4902005158,"https://www.inaturalist.org/observations/222635271","PRESENT",2024,43.818764,-79.496582,13,"Vincetoxicum rossicum","Vincetoxicum rossicum (Kleopow) Barbar."
"48",4901929053,"https://www.inaturalist.org/observations/79952418","PRESENT",2021,43.831464,-79.171267,15,"Vincetoxicum rossicum","Vincetoxicum rossicum (Kleopow) Barbar."
"49",4901926085,"https://www.inaturalist.org/observations/222233869","PRESENT",2024,43.767426,-79.699242,4,"Vincetoxicum rossicum","Vincetoxicum rossicum (Kleopow) Barbar."
"50",4901838196,"https://www.inaturalist.org/observations/83721022","PRESENT",2021,43.794174,-79.477977,16,"Vincetoxicum rossicum","Vincetoxicum rossicum (Kleopow) Barbar."
"51",4901740363,"https://www.inaturalist.org/observations/224449963","PRESENT",2024,43.768269,-79.200358,9,"Vincetoxicum rossicum","Vincetoxicum rossicum (Kleopow) Barbar."
"52",4901555452,"https://www.inaturalist.org/observations/222511660","PRESENT",2024,43.779755,-79.130356,4,"Vincetoxicum rossicum","Vincetoxicum rossicum (Kleopow) Barbar."
"53",4901315413,"https://www.inaturalist.org/observations/174083875","PRESENT",2023,43.891052,-79.233986,7,"Vincetoxicum rossicum","Vincetoxicum rossicum (Kleopow) Barbar."
"54",4901208420,"https://www.inaturalist.org/observations/224295218","PRESENT",2024,43.773313,-79.357633,4,"Vincetoxicum rossicum","Vincetoxicum rossicum (Kleopow) Barbar."
"55",4901118540,"https://www.inaturalist.org/observations/223169603","PRESENT",2024,44.008865,-79.096649,10,"Vincetoxicum rossicum","Vincetoxicum rossicum (Kleopow) Barbar."
"56",4901105781,"https://www.inaturalist.org/observations/126098262","PRESENT",2022,43.667556,-79.499412,14,"Vincetoxicum rossicum","Vincetoxicum rossicum (Kleopow) Barbar."
"57",4901060800,"https://www.inaturalist.org/observations/165028668","PRESENT",2023,43.783376,-79.147498,11,"Vincetoxicum rossicum","Vincetoxicum rossicum (Kleopow) Barbar."
"58",4900959665,"https://www.inaturalist.org/observations/80905762","PRESENT",2021,43.676971,-79.326653,17,"Vincetoxicum rossicum","Vincetoxicum rossicum (Kleopow) Barbar."
"59",4900900592,"https://www.inaturalist.org/observations/81439898","PRESENT",2021,43.953072,-79.047036,6,"Vincetoxicum rossicum","Vincetoxicum rossicum (Kleopow) Barbar."
"60",4892216956,"https://www.inaturalist.org/observations/168641785","PRESENT",2023,43.793096,-79.187172,5,"Vincetoxicum rossicum","Vincetoxicum rossicum (Kleopow) Barbar."
"61",4892208987,"https://www.inaturalist.org/observations/186543756","PRESENT",2023,43.687433,-79.386848,5,"Vincetoxicum rossicum","Vincetoxicum rossicum (Kleopow) Barbar."
"62",4892196585,"https://www.inaturalist.org/observations/180983554","PRESENT",2023,43.959737,-79.104402,4,"Vincetoxicum rossicum","Vincetoxicum rossicum (Kleopow) Barbar."
"63",4892094008,"https://www.inaturalist.org/observations/176754664","PRESENT",2023,43.779342,-79.162662,7,"Vincetoxicum rossicum","Vincetoxicum rossicum (Kleopow) Barbar."
"64",4892085310,"https://www.inaturalist.org/observations/220872379","PRESENT",2024,43.824353,-79.168981,9,"Vincetoxicum rossicum","Vincetoxicum rossicum (Kleopow) Barbar."
"65",4892024318,"https://www.inaturalist.org/observations/221656534","PRESENT",2024,43.687388,-79.313737,14,"Vincetoxicum rossicum","Vincetoxicum rossicum (Kleopow) Barbar."
"66",4892010029,"https://www.inaturalist.org/observations/221819523","PRESENT",2024,43.961271,-79.206744,5,"Vincetoxicum rossicum","Vincetoxicum rossicum (Kleopow) Barbar."
"67",4891982170,"https://www.inaturalist.org/observations/162472215","PRESENT",2023,43.683112,-79.293436,15,"Vincetoxicum rossicum","Vincetoxicum rossicum (Kleopow) Barbar."
"68",4891978252,"https://www.inaturalist.org/observations/221730439","PRESENT",2024,43.674343,-79.358231,20,"Vincetoxicum rossicum","Vincetoxicum rossicum (Kleopow) Barbar."
"69",4891854665,"https://www.inaturalist.org/observations/184037480","PRESENT",2023,43.70107,-79.359736,3,"Vincetoxicum rossicum","Vincetoxicum rossicum (Kleopow) Barbar."
"70",4891839639,"https://www.inaturalist.org/observations/196722835","PRESENT",2024,43.650004,-79.617308,5,"Vincetoxicum rossicum","Vincetoxicum rossicum (Kleopow) Barbar."
"71",4891834446,"https://www.inaturalist.org/observations/182573840","PRESENT",2023,43.699891,-79.334951,2,"Vincetoxicum rossicum","Vincetoxicum rossicum (Kleopow) Barbar."
"72",4891808053,"https://www.inaturalist.org/observations/167373024","PRESENT",2023,43.816772,-79.166901,6,"Vincetoxicum rossicum","Vincetoxicum rossicum (Kleopow) Barbar."
"73",4891745276,"https://www.inaturalist.org/observations/200186822","PRESENT",2024,43.815113,-79.164719,4,"Vincetoxicum rossicum","Vincetoxicum rossicum (Kleopow) Barbar."
"74",4891738087,"https://www.inaturalist.org/observations/179186341","PRESENT",2023,43.636921,-79.478958,5,"Vincetoxicum rossicum","Vincetoxicum rossicum (Kleopow) Barbar."
"75",4891713578,"https://www.inaturalist.org/observations/162473128","PRESENT",2023,43.683454,-79.292734,7,"Vincetoxicum rossicum","Vincetoxicum rossicum (Kleopow) Barbar."
"76",4891650434,"https://www.inaturalist.org/observations/179183149","PRESENT",2023,43.634964,-79.48243,5,"Vincetoxicum rossicum","Vincetoxicum rossicum (Kleopow) Barbar."
"77",4875591914,"https://www.inaturalist.org/observations/186717387","PRESENT",2023,43.700704,-79.43711,6,"Vincetoxicum rossicum","Vincetoxicum rossicum (Kleopow) Barbar."
"78",4875366849,"https://www.inaturalist.org/observations/219219893","PRESENT",2024,43.788926,-79.375596,9,"Vincetoxicum rossicum","Vincetoxicum rossicum (Kleopow) Barbar."
"79",4875337056,"https://www.inaturalist.org/observations/220471649","PRESENT",2024,43.664087,-79.457525,8,"Vincetoxicum rossicum","Vincetoxicum rossicum (Kleopow) Barbar."
"80",4875317873,"https://www.inaturalist.org/observations/185014382","PRESENT",2023,43.775133,-79.223851,8,"Vincetoxicum rossicum","Vincetoxicum rossicum (Kleopow) Barbar."
"81",4875192965,"https://www.inaturalist.org/observations/219837315","PRESENT",2024,43.686212,-79.358745,11,"Vincetoxicum rossicum","Vincetoxicum rossicum (Kleopow) Barbar."
"82",4875004762,"https://www.inaturalist.org/observations/186546689","PRESENT",2023,43.685875,-79.386321,5,"Vincetoxicum rossicum","Vincetoxicum rossicum (Kleopow) Barbar."
"83",4872614700,"https://www.inaturalist.org/observations/217585840","PRESENT",2024,43.790129,-79.592817,6,"Vincetoxicum rossicum","Vincetoxicum rossicum (Kleopow) Barbar."
"84",4872537846,"https://www.inaturalist.org/observations/218515282","PRESENT",2024,43.77524,-79.357356,12,"Vincetoxicum rossicum","Vincetoxicum rossicum (Kleopow) Barbar."
"85",4872519156,"https://www.inaturalist.org/observations/217489733","PRESENT",2024,43.847389,-79.609362,12,"Vincetoxicum rossicum","Vincetoxicum rossicum (Kleopow) Barbar."
"86",4872425872,"https://www.inaturalist.org/observations/218248194","PRESENT",2024,43.802681,-79.37388,10,"Vincetoxicum rossicum","Vincetoxicum rossicum (Kleopow) Barbar."
"87",4872340246,"https://www.inaturalist.org/observations/217490185","PRESENT",2024,43.847687,-79.609594,7,"Vincetoxicum rossicum","Vincetoxicum rossicum (Kleopow) Barbar."
"88",4872310596,"https://www.inaturalist.org/observations/218396976","PRESENT",2024,43.866668,-79.307843,7,"Vincetoxicum rossicum","Vincetoxicum rossicum (Kleopow) Barbar."
"89",4872265864,"https://www.inaturalist.org/observations/218514090","PRESENT",2024,43.773314,-79.357666,7,"Vincetoxicum rossicum","Vincetoxicum rossicum (Kleopow) Barbar."
"90",4872200383,"https://www.inaturalist.org/observations/217393801","PRESENT",2024,43.802444,-79.374856,6,"Vincetoxicum rossicum","Vincetoxicum rossicum (Kleopow) Barbar."
"91",4872169914,"https://www.inaturalist.org/observations/217479626","PRESENT",2024,43.838839,-79.596756,8,"Vincetoxicum rossicum","Vincetoxicum rossicum (Kleopow) Barbar."
"92",4872159269,"https://www.inaturalist.org/observations/218009627","PRESENT",2024,43.776673,-79.369059,8,"Vincetoxicum rossicum","Vincetoxicum rossicum (Kleopow) Barbar."
"93",4872136493,"https://www.inaturalist.org/observations/217392354","PRESENT",2024,43.797124,-79.381426,7,"Vincetoxicum rossicum","Vincetoxicum rossicum (Kleopow) Barbar."
"94",4872111794,"https://www.inaturalist.org/observations/217393553","PRESENT",2024,43.801321,-79.377155,8,"Vincetoxicum rossicum","Vincetoxicum rossicum (Kleopow) Barbar."
"95",4872106194,"https://www.inaturalist.org/observations/217393125","PRESENT",2024,43.801038,-79.377505,5,"Vincetoxicum rossicum","Vincetoxicum rossicum (Kleopow) Barbar."
"96",4872094985,"https://www.inaturalist.org/observations/218009176","PRESENT",2024,43.777733,-79.369741,8,"Vincetoxicum rossicum","Vincetoxicum rossicum (Kleopow) Barbar."
"97",4872055759,"https://www.inaturalist.org/observations/218002593","PRESENT",2024,43.79022,-79.375942,9,"Vincetoxicum rossicum","Vincetoxicum rossicum (Kleopow) Barbar."
"98",4868105022,"https://www.inaturalist.org/observations/216328538","PRESENT",2024,43.908763,-79.436012,17,"Vincetoxicum rossicum","Vincetoxicum rossicum (Kleopow) Barbar."
"99",4863830555,"https://www.inaturalist.org/observations/214466594","PRESENT",2024,43.757479,-79.203592,10,"Vincetoxicum rossicum","Vincetoxicum rossicum (Kleopow) Barbar."
"100",4855416751,"https://www.inaturalist.org/observations/213475275","PRESENT",2024,43.638445,-79.322868,4,"Vincetoxicum rossicum","Vincetoxicum rossicum (Kleopow) Barbar."
"101",4597318906,"https://www.inaturalist.org/observations/201388354","PRESENT",2024,43.857055,-79.11935,6,"Vincetoxicum rossicum","Vincetoxicum rossicum (Kleopow) Barbar."
"102",4596853639,"https://www.inaturalist.org/observations/198348430","PRESENT",2024,43.863845,-79.198915,3,"Vincetoxicum rossicum","Vincetoxicum rossicum (Kleopow) Barbar."
"103",4535726219,"https://www.inaturalist.org/observations/201357133","PRESENT",2024,43.719581,-79.355743,8,"Vincetoxicum rossicum","Vincetoxicum rossicum (Kleopow) Barbar."
"104",4535641901,"https://www.inaturalist.org/observations/200872616","PRESENT",2024,43.779339,-79.182779,14,"Vincetoxicum rossicum","Vincetoxicum rossicum (Kleopow) Barbar."
"105",4442657620,"https://www.inaturalist.org/observations/191183121","PRESENT",2023,43.710482,-79.246058,4,"Vincetoxicum rossicum","Vincetoxicum rossicum (Kleopow) Barbar."
"106",4442578728,"https://www.inaturalist.org/observations/168088832","PRESENT",2023,43.685464,-79.366163,4,"Vincetoxicum rossicum","Vincetoxicum rossicum (Kleopow) Barbar."
"107",4442509705,"https://www.inaturalist.org/observations/167487049","PRESENT",2023,43.870442,-79.309958,3,"Vincetoxicum rossicum","Vincetoxicum rossicum (Kleopow) Barbar."
"108",4442392192,"https://www.inaturalist.org/observations/189680484","PRESENT",2023,43.706293,-79.2814,13,"Vincetoxicum rossicum","Vincetoxicum rossicum (Kleopow) Barbar."
"109",4431268727,"https://www.inaturalist.org/observations/188823285","PRESENT",2023,43.704733,-79.456631,3,"Vincetoxicum rossicum","Vincetoxicum rossicum (Kleopow) Barbar."
"110",4430514755,"https://www.inaturalist.org/observations/187038734","PRESENT",2023,43.767302,-79.278972,7,"Vincetoxicum rossicum","Vincetoxicum rossicum (Kleopow) Barbar."
"111",4424609460,"https://www.inaturalist.org/observations/186540933","PRESENT",2023,43.682126,-79.383515,5,"Vincetoxicum rossicum","Vincetoxicum rossicum (Kleopow) Barbar."
"112",4424317813,"https://www.inaturalist.org/observations/186542756","PRESENT",2023,43.686111,-79.385356,5,"Vincetoxicum rossicum","Vincetoxicum rossicum (Kleopow) Barbar."
"113",4424211960,"https://www.inaturalist.org/observations/185750118","PRESENT",2023,43.689053,-79.367347,5,"Vincetoxicum rossicum","Vincetoxicum rossicum (Kleopow) Barbar."
"114",4413941443,"https://www.inaturalist.org/observations/181461841","PRESENT",2023,43.817979,-79.45519,4,"Vincetoxicum rossicum","Vincetoxicum rossicum (Kleopow) Barbar."
"115",4413608194,"https://www.inaturalist.org/observations/182367382","PRESENT",2023,43.836906,-79.303565,15,"Vincetoxicum rossicum","Vincetoxicum rossicum (Kleopow) Barbar."
"116",4413412269,"https://www.inaturalist.org/observations/180870879","PRESENT",2023,43.79898,-79.380745,12,"Vincetoxicum rossicum","Vincetoxicum rossicum (Kleopow) Barbar."
"117",4405114923,"https://www.inaturalist.org/observations/178721542","PRESENT",2023,43.730101,-79.326357,12,"Vincetoxicum rossicum","Vincetoxicum rossicum (Kleopow) Barbar."
"118",4405088779,"https://www.inaturalist.org/observations/179440090","PRESENT",2023,43.698162,-79.303392,4,"Vincetoxicum rossicum","Vincetoxicum rossicum (Kleopow) Barbar."
"119",4400318010,"https://www.inaturalist.org/observations/178729610","PRESENT",2023,43.775315,-79.519574,7,"Vincetoxicum rossicum","Vincetoxicum rossicum (Kleopow) Barbar."
"120",4400178146,"https://www.inaturalist.org/observations/179561258","PRESENT",2023,43.686471,-79.368726,6,"Vincetoxicum rossicum","Vincetoxicum rossicum (Kleopow) Barbar."
"121",4400111191,"https://www.inaturalist.org/observations/179561112","PRESENT",2023,43.686347,-79.368654,6,"Vincetoxicum rossicum","Vincetoxicum rossicum (Kleopow) Barbar."
"122",4399972422,"https://www.inaturalist.org/observations/179561032","PRESENT",2023,43.686346,-79.368571,6,"Vincetoxicum rossicum","Vincetoxicum rossicum (Kleopow) Barbar."
"123",4177397333,"https://www.inaturalist.org/observations/177465210","PRESENT",2023,43.776028,-79.517845,4,"Vincetoxicum rossicum","Vincetoxicum rossicum (Kleopow) Barbar."
"124",4172322709,"https://www.inaturalist.org/observations/176776217","PRESENT",2023,43.678557,-79.553515,8,"Vincetoxicum rossicum","Vincetoxicum rossicum (Kleopow) Barbar."
"125",4172205424,"https://www.inaturalist.org/observations/177296422","PRESENT",2023,43.700687,-79.313103,4,"Vincetoxicum rossicum","Vincetoxicum rossicum (Kleopow) Barbar."
"126",4172141403,"https://www.inaturalist.org/observations/176689680","PRESENT",2023,43.666086,-79.342067,9,"Vincetoxicum rossicum","Vincetoxicum rossicum (Kleopow) Barbar."
"127",4172112533,"https://www.inaturalist.org/observations/176298157","PRESENT",2023,43.628621,-79.475169,5,"Vincetoxicum rossicum","Vincetoxicum rossicum (Kleopow) Barbar."
"128",4172048783,"https://www.inaturalist.org/observations/176306456","PRESENT",2023,43.632501,-79.470735,5,"Vincetoxicum rossicum","Vincetoxicum rossicum (Kleopow) Barbar."
"129",4171724769,"https://www.inaturalist.org/observations/165924457","PRESENT",2023,43.6474,-79.615044,4,"Vincetoxicum rossicum","Vincetoxicum rossicum (Kleopow) Barbar."
"130",4171681059,"https://www.inaturalist.org/observations/175218735","PRESENT",2023,43.778349,-79.334532,7,"Vincetoxicum rossicum","Vincetoxicum rossicum (Kleopow) Barbar."
"131",4171303659,"https://www.inaturalist.org/observations/163863043","PRESENT",2023,43.648267,-79.324091,8,"Vincetoxicum rossicum","Vincetoxicum rossicum (Kleopow) Barbar."
"132",4171272209,"https://www.inaturalist.org/observations/174984087","PRESENT",2023,43.650361,-79.462239,4,"Vincetoxicum rossicum","Vincetoxicum rossicum (Kleopow) Barbar."
"133",4171245119,"https://www.inaturalist.org/observations/173330197","PRESENT",2023,43.648606,-79.467653,4,"Vincetoxicum rossicum","Vincetoxicum rossicum (Kleopow) Barbar."
"134",4171155672,"https://www.inaturalist.org/observations/164351976","PRESENT",2023,43.63721,-79.476467,16,"Vincetoxicum rossicum","Vincetoxicum rossicum (Kleopow) Barbar."
"135",4171147960,"https://www.inaturalist.org/observations/168902737","PRESENT",2023,43.650712,-79.49285,16,"Vincetoxicum rossicum","Vincetoxicum rossicum (Kleopow) Barbar."
"136",4162174129,"https://www.inaturalist.org/observations/172555538","PRESENT",2023,43.662527,-79.451838,6,"Vincetoxicum rossicum","Vincetoxicum rossicum (Kleopow) Barbar."
"137",4162101282,"https://www.inaturalist.org/observations/173636493","PRESENT",2023,43.899138,-79.44398,8,"Vincetoxicum rossicum","Vincetoxicum rossicum (Kleopow) Barbar."
"138",4162061695,"https://www.inaturalist.org/observations/170189865","PRESENT",2023,43.647837,-79.465822,4,"Vincetoxicum rossicum","Vincetoxicum rossicum (Kleopow) Barbar."
"139",4153893342,"https://www.inaturalist.org/observations/172234911","PRESENT",2023,43.727626,-79.214989,4,"Vincetoxicum rossicum","Vincetoxicum rossicum (Kleopow) Barbar."
"140",4145389792,"https://www.inaturalist.org/observations/169680640","PRESENT",2023,43.645347,-79.463203,12,"Vincetoxicum rossicum","Vincetoxicum rossicum (Kleopow) Barbar."
"141",4138722927,"https://www.inaturalist.org/observations/168656535","PRESENT",2023,43.825953,-79.138257,9,"Vincetoxicum rossicum","Vincetoxicum rossicum (Kleopow) Barbar."
"142",4138632394,"https://www.inaturalist.org/observations/168818754","PRESENT",2023,43.822235,-79.590615,13,"Vincetoxicum rossicum","Vincetoxicum rossicum (Kleopow) Barbar."
"143",4138173081,"https://www.inaturalist.org/observations/167862790","PRESENT",2023,43.712463,-79.227089,4,"Vincetoxicum rossicum","Vincetoxicum rossicum (Kleopow) Barbar."
"144",4138094516,"https://www.inaturalist.org/observations/167802100","PRESENT",2023,43.659456,-79.306533,4,"Vincetoxicum rossicum","Vincetoxicum rossicum (Kleopow) Barbar."
"145",4137750981,"https://www.inaturalist.org/observations/167208143","PRESENT",2023,43.798409,-79.478613,6,"Vincetoxicum rossicum","Vincetoxicum rossicum (Kleopow) Barbar."
"146",4137748352,"https://www.inaturalist.org/observations/32435875","PRESENT",2019,43.717267,-79.224631,6,"Vincetoxicum rossicum","Vincetoxicum rossicum (Kleopow) Barbar."
"147",4137640974,"https://www.inaturalist.org/observations/164102157","PRESENT",2023,43.864051,-79.322478,14,"Vincetoxicum rossicum","Vincetoxicum rossicum (Kleopow) Barbar."
"148",4137636275,"https://www.inaturalist.org/observations/166863772","PRESENT",2023,43.647699,-79.522622,6,"Vincetoxicum rossicum","Vincetoxicum rossicum (Kleopow) Barbar."
"149",4134065768,"https://www.inaturalist.org/observations/166588603","PRESENT",2023,43.828369,-79.089622,5,"Vincetoxicum rossicum","Vincetoxicum rossicum (Kleopow) Barbar."
"150",4127063628,"https://www.inaturalist.org/observations/164503630","PRESENT",2023,43.697426,-79.299876,15,"Vincetoxicum rossicum","Vincetoxicum rossicum (Kleopow) Barbar."
"151",4112101377,"https://www.inaturalist.org/observations/122520041","PRESENT",2022,43.759497,-79.157355,16,"Vincetoxicum rossicum","Vincetoxicum rossicum (Kleopow) Barbar."
"152",4062876599,"https://www.inaturalist.org/observations/150153792","PRESENT",2021,43.649325,-79.622008,5,"Vincetoxicum rossicum","Vincetoxicum rossicum (Kleopow) Barbar."
"153",3986246965,"https://www.inaturalist.org/observations/142770008","PRESENT",2022,43.742591,-79.516667,6,"Vincetoxicum rossicum","Vincetoxicum rossicum (Kleopow) Barbar."
"154",3947811794,"https://www.inaturalist.org/observations/135565564","PRESENT",2022,43.827251,-79.26744,3,"Vincetoxicum rossicum","Vincetoxicum rossicum (Kleopow) Barbar."
"155",3947310471,"https://www.inaturalist.org/observations/88943416","PRESENT",2021,43.647689,-79.459602,15,"Vincetoxicum rossicum","Vincetoxicum rossicum (Kleopow) Barbar."
"156",3947078682,"https://www.inaturalist.org/observations/139038803","PRESENT",2022,43.8275,-79.308753,4,"Vincetoxicum rossicum","Vincetoxicum rossicum (Kleopow) Barbar."
"157",3923358971,"https://www.inaturalist.org/observations/136914622","PRESENT",2022,43.827414,-79.267351,3,"Vincetoxicum rossicum","Vincetoxicum rossicum (Kleopow) Barbar."
"158",3915688302,"https://www.inaturalist.org/observations/136564236","PRESENT",2022,43.771453,-79.363072,3,"Vincetoxicum rossicum","Vincetoxicum rossicum (Kleopow) Barbar."
"159",3915351794,"https://www.inaturalist.org/observations/136563907","PRESENT",2022,43.771393,-79.362924,6,"Vincetoxicum rossicum","Vincetoxicum rossicum (Kleopow) Barbar."
"160",3912477639,"https://www.inaturalist.org/observations/135652418","PRESENT",2022,43.830507,-79.267655,4,"Vincetoxicum rossicum","Vincetoxicum rossicum (Kleopow) Barbar."
"161",3912475444,"https://www.inaturalist.org/observations/135625844","PRESENT",2022,43.828728,-79.266892,6,"Vincetoxicum rossicum","Vincetoxicum rossicum (Kleopow) Barbar."
"162",3912467460,"https://www.inaturalist.org/observations/135622676","PRESENT",2022,43.827167,-79.267385,4,"Vincetoxicum rossicum","Vincetoxicum rossicum (Kleopow) Barbar."
"163",3912392241,"https://www.inaturalist.org/observations/135622695","PRESENT",2022,43.827081,-79.267332,8,"Vincetoxicum rossicum","Vincetoxicum rossicum (Kleopow) Barbar."
"164",3912384520,"https://www.inaturalist.org/observations/135652431","PRESENT",2022,43.83049,-79.26761,5,"Vincetoxicum rossicum","Vincetoxicum rossicum (Kleopow) Barbar."
"165",3912355058,"https://www.inaturalist.org/observations/135609605","PRESENT",2022,43.827145,-79.267459,8,"Vincetoxicum rossicum","Vincetoxicum rossicum (Kleopow) Barbar."
"166",3912352291,"https://www.inaturalist.org/observations/135622867","PRESENT",2022,43.826925,-79.266824,3,"Vincetoxicum rossicum","Vincetoxicum rossicum (Kleopow) Barbar."
"167",3912299811,"https://www.inaturalist.org/observations/135507315","PRESENT",2022,43.778946,-79.380176,16,"Vincetoxicum rossicum","Vincetoxicum rossicum (Kleopow) Barbar."
"168",3912279875,"https://www.inaturalist.org/observations/135622990","PRESENT",2022,43.827028,-79.266698,6,"Vincetoxicum rossicum","Vincetoxicum rossicum (Kleopow) Barbar."
"169",3912158937,"https://www.inaturalist.org/observations/135609564","PRESENT",2022,43.827239,-79.267657,6,"Vincetoxicum rossicum","Vincetoxicum rossicum (Kleopow) Barbar."
"170",3912004296,"https://www.inaturalist.org/observations/135622918","PRESENT",2022,43.826925,-79.266779,4,"Vincetoxicum rossicum","Vincetoxicum rossicum (Kleopow) Barbar."
"171",3903659536,"https://www.inaturalist.org/observations/134608528","PRESENT",2022,44.007355,-79.072319,4,"Vincetoxicum rossicum","Vincetoxicum rossicum (Kleopow) Barbar."
"172",3903566204,"https://www.inaturalist.org/observations/133401169","PRESENT",2022,43.681578,-79.390731,4,"Vincetoxicum rossicum","Vincetoxicum rossicum (Kleopow) Barbar."
"173",3903484173,"https://www.inaturalist.org/observations/134736848","PRESENT",2022,43.784263,-79.187745,19,"Vincetoxicum rossicum","Vincetoxicum rossicum (Kleopow) Barbar."
"174",3903050226,"https://www.inaturalist.org/observations/131813039","PRESENT",2022,43.85972,-79.446075,11,"Vincetoxicum rossicum","Vincetoxicum rossicum (Kleopow) Barbar."
"175",3902980801,"https://www.inaturalist.org/observations/132175495","PRESENT",2022,43.882117,-79.084641,3,"Vincetoxicum rossicum","Vincetoxicum rossicum (Kleopow) Barbar."
"176",3902815218,"https://www.inaturalist.org/observations/132039586","PRESENT",2022,43.6744,-79.512512,4,"Vincetoxicum rossicum","Vincetoxicum rossicum (Kleopow) Barbar."
"177",3902663029,"https://www.inaturalist.org/observations/132018542","PRESENT",2022,43.772103,-79.601142,4,"Vincetoxicum rossicum","Vincetoxicum rossicum (Kleopow) Barbar."
"178",3902528977,"https://www.inaturalist.org/observations/131790512","PRESENT",2022,43.822587,-79.020303,18,"Vincetoxicum rossicum","Vincetoxicum rossicum (Kleopow) Barbar."
"179",3902132261,"https://www.inaturalist.org/observations/123912818","PRESENT",2022,43.616527,-79.373058,17,"Vincetoxicum rossicum","Vincetoxicum rossicum (Kleopow) Barbar."
"180",3892302347,"https://www.inaturalist.org/observations/82771666","PRESENT",2021,43.723767,-79.363983,12,"Vincetoxicum rossicum","Vincetoxicum rossicum (Kleopow) Barbar."
"181",3892288865,"https://www.inaturalist.org/observations/130496343","PRESENT",2022,44.015655,-79.417005,9,"Vincetoxicum rossicum","Vincetoxicum rossicum (Kleopow) Barbar."
"182",3889040839,"https://www.inaturalist.org/observations/129690579","PRESENT",2022,43.634972,-79.482399,5,"Vincetoxicum rossicum","Vincetoxicum rossicum (Kleopow) Barbar."
"183",3881701495,"https://www.inaturalist.org/observations/127245244","PRESENT",2022,43.725476,-79.609545,9,"Vincetoxicum rossicum","Vincetoxicum rossicum (Kleopow) Barbar."
"184",3881694149,"https://www.inaturalist.org/observations/128457613","PRESENT",2022,43.678636,-79.551764,6,"Vincetoxicum rossicum","Vincetoxicum rossicum (Kleopow) Barbar."
"185",3873843614,"https://www.inaturalist.org/observations/127591738","PRESENT",2022,43.817455,-79.309813,4,"Vincetoxicum rossicum","Vincetoxicum rossicum (Kleopow) Barbar."
"186",3860733981,"https://www.inaturalist.org/observations/123285149","PRESENT",2022,43.82704,-79.272983,4,"Vincetoxicum rossicum","Vincetoxicum rossicum (Kleopow) Barbar."
"187",3860528568,"https://www.inaturalist.org/observations/122823773","PRESENT",2022,43.857191,-79.059248,3,"Vincetoxicum rossicum","Vincetoxicum rossicum (Kleopow) Barbar."
"188",3860460686,"https://www.inaturalist.org/observations/120511065","PRESENT",2022,43.821274,-79.167645,8,"Vincetoxicum rossicum","Vincetoxicum rossicum (Kleopow) Barbar."
"189",3860097225,"https://www.inaturalist.org/observations/122362463","PRESENT",2022,43.687283,-79.36544,4,"Vincetoxicum rossicum","Vincetoxicum rossicum (Kleopow) Barbar."
"190",3860019408,"https://www.inaturalist.org/observations/125057784","PRESENT",2022,43.720895,-79.293468,4,"Vincetoxicum rossicum","Vincetoxicum rossicum (Kleopow) Barbar."
"191",3859312807,"https://www.inaturalist.org/observations/124094483","PRESENT",2022,43.811603,-79.173325,4,"Vincetoxicum rossicum","Vincetoxicum rossicum (Kleopow) Barbar."
"192",3858781113,"https://www.inaturalist.org/observations/122191214","PRESENT",2022,43.865178,-79.244829,3,"Vincetoxicum rossicum","Vincetoxicum rossicum (Kleopow) Barbar."
"193",3802773345,"https://www.inaturalist.org/observations/118717103","PRESENT",2022,43.864758,-79.310662,4,"Vincetoxicum rossicum","Vincetoxicum rossicum (Kleopow) Barbar."
"194",3802725220,"https://www.inaturalist.org/observations/118426964","PRESENT",2022,43.829844,-79.267116,9,"Vincetoxicum rossicum","Vincetoxicum rossicum (Kleopow) Barbar."
"195",3802634925,"https://www.inaturalist.org/observations/118426779","PRESENT",2022,43.830275,-79.267077,16,"Vincetoxicum rossicum","Vincetoxicum rossicum (Kleopow) Barbar."
"196",3802305606,"https://www.inaturalist.org/observations/117865546","PRESENT",2022,43.692335,-79.399819,15,"Vincetoxicum rossicum","Vincetoxicum rossicum (Kleopow) Barbar."
"197",3784735700,"https://www.inaturalist.org/observations/117594959","PRESENT",2022,43.766323,-79.461799,5,"Vincetoxicum rossicum","Vincetoxicum rossicum (Kleopow) Barbar."
"198",3773177838,"https://www.inaturalist.org/observations/116547139","PRESENT",2022,43.642877,-79.459813,5,"Vincetoxicum rossicum","Vincetoxicum rossicum (Kleopow) Barbar."
"199",3760151923,"https://www.inaturalist.org/observations/111396973","PRESENT",2022,43.769314,-79.359461,15,"Vincetoxicum rossicum","Vincetoxicum rossicum (Kleopow) Barbar."
"200",3759405939,"https://www.inaturalist.org/observations/111396914","PRESENT",2022,43.768879,-79.359738,8,"Vincetoxicum rossicum","Vincetoxicum rossicum (Kleopow) Barbar."
"201",3499460482,"https://www.inaturalist.org/observations/103274023","PRESENT",2021,43.818319,-79.309922,6,"Vincetoxicum rossicum","Vincetoxicum rossicum (Kleopow) Barbar."
"202",3465923134,"https://www.inaturalist.org/observations/105783845","PRESENT",2021,43.817615,-79.169131,5,"Vincetoxicum rossicum","Vincetoxicum rossicum (Kleopow) Barbar."
"203",3455194389,"https://www.inaturalist.org/observations/7119086","PRESENT",2017,43.873,-79.132763,16,"Vincetoxicum rossicum","Vincetoxicum rossicum (Kleopow) Barbar."
"204",3455186450,"https://www.inaturalist.org/observations/51099599","PRESENT",2020,43.821289,-79.16847,15,"Vincetoxicum rossicum","Vincetoxicum rossicum (Kleopow) Barbar."
"205",3384825226,"https://www.inaturalist.org/observations/97009371","PRESENT",2021,43.813644,-79.140106,8,"Vincetoxicum rossicum","Vincetoxicum rossicum (Kleopow) Barbar."
"206",3384732584,"https://www.inaturalist.org/observations/96409795","PRESENT",2021,43.856785,-79.422729,19,"Vincetoxicum rossicum","Vincetoxicum rossicum (Kleopow) Barbar."
"207",3384471331,"https://www.inaturalist.org/observations/96288052","PRESENT",2021,43.832675,-79.16005,16,"Vincetoxicum rossicum","Vincetoxicum rossicum (Kleopow) Barbar."
"208",3384243105,"https://www.inaturalist.org/observations/92029893","PRESENT",2021,43.647908,-79.464241,7,"Vincetoxicum rossicum","Vincetoxicum rossicum (Kleopow) Barbar."
"209",3344104573,"https://www.inaturalist.org/observations/92290065","PRESENT",2021,43.772077,-79.137418,8,"Vincetoxicum rossicum","Vincetoxicum rossicum (Kleopow) Barbar."
"210",3338111685,"https://www.inaturalist.org/observations/91249776","PRESENT",2021,43.867174,-79.270025,7,"Vincetoxicum rossicum","Vincetoxicum rossicum (Kleopow) Barbar."
"211",3338053813,"https://www.inaturalist.org/observations/91247405","PRESENT",2021,43.826305,-79.312753,12,"Vincetoxicum rossicum","Vincetoxicum rossicum (Kleopow) Barbar."
"212",3337712794,"https://www.inaturalist.org/observations/91188174","PRESENT",2021,43.808815,-79.369606,12,"Vincetoxicum rossicum","Vincetoxicum rossicum (Kleopow) Barbar."
"213",3337496662,"https://www.inaturalist.org/observations/87339272","PRESENT",2021,43.943337,-79.437287,6,"Vincetoxicum rossicum","Vincetoxicum rossicum (Kleopow) Barbar."
"214",3335453052,"https://www.inaturalist.org/observations/89531167","PRESENT",2021,43.742456,-79.317893,6,"Vincetoxicum rossicum","Vincetoxicum rossicum (Kleopow) Barbar."
"215",3335394580,"https://www.inaturalist.org/observations/89142127","PRESENT",2021,43.800792,-79.379045,5,"Vincetoxicum rossicum","Vincetoxicum rossicum (Kleopow) Barbar."
"216",3335394228,"https://www.inaturalist.org/observations/89698538","PRESENT",2021,43.674908,-79.295029,13,"Vincetoxicum rossicum","Vincetoxicum rossicum (Kleopow) Barbar."
"217",3335161928,"https://www.inaturalist.org/observations/89432689","PRESENT",2021,43.6992,-79.307498,4,"Vincetoxicum rossicum","Vincetoxicum rossicum (Kleopow) Barbar."
"218",3335159164,"https://www.inaturalist.org/observations/89653933","PRESENT",2021,43.67867,-79.370932,8,"Vincetoxicum rossicum","Vincetoxicum rossicum (Kleopow) Barbar."
"219",3335126044,"https://www.inaturalist.org/observations/89555040","PRESENT",2021,43.74136,-79.320764,8,"Vincetoxicum rossicum","Vincetoxicum rossicum (Kleopow) Barbar."
"220",3333550510,"https://www.inaturalist.org/observations/89085814","PRESENT",2021,43.816966,-79.584877,4,"Vincetoxicum rossicum","Vincetoxicum rossicum (Kleopow) Barbar."
"221",3333125964,"https://www.inaturalist.org/observations/88565398","PRESENT",2021,43.778127,-79.371989,9,"Vincetoxicum rossicum","Vincetoxicum rossicum (Kleopow) Barbar."
"222",3333085881,"https://www.inaturalist.org/observations/88453442","PRESENT",2021,43.749553,-79.274217,12,"Vincetoxicum rossicum","Vincetoxicum rossicum (Kleopow) Barbar."
"223",3330894324,"https://www.inaturalist.org/observations/87898289","PRESENT",2021,43.931728,-79.448417,8,"Vincetoxicum rossicum","Vincetoxicum rossicum (Kleopow) Barbar."
"224",3330884602,"https://www.inaturalist.org/observations/88185391","PRESENT",2021,43.685238,-79.300445,15,"Vincetoxicum rossicum","Vincetoxicum rossicum (Kleopow) Barbar."
"225",3330638141,"https://www.inaturalist.org/observations/87722061","PRESENT",2021,43.791434,-79.146539,5,"Vincetoxicum rossicum","Vincetoxicum rossicum (Kleopow) Barbar."
"226",3327995894,"https://www.inaturalist.org/observations/86483681","PRESENT",2021,43.700062,-79.353067,6,"Vincetoxicum rossicum","Vincetoxicum rossicum (Kleopow) Barbar."
"227",3327975792,"https://www.inaturalist.org/observations/86347367","PRESENT",2021,43.900574,-79.430328,9,"Vincetoxicum rossicum","Vincetoxicum rossicum (Kleopow) Barbar."
"228",3327966924,"https://www.inaturalist.org/observations/86483116","PRESENT",2021,43.700133,-79.352255,6,"Vincetoxicum rossicum","Vincetoxicum rossicum (Kleopow) Barbar."
"229",3327946544,"https://www.inaturalist.org/observations/87139354","PRESENT",2021,43.675552,-79.510619,9,"Vincetoxicum rossicum","Vincetoxicum rossicum (Kleopow) Barbar."
"230",3327769256,"https://www.inaturalist.org/observations/86796331","PRESENT",2021,43.947353,-79.473853,6,"Vincetoxicum rossicum","Vincetoxicum rossicum (Kleopow) Barbar."
"231",3327768240,"https://www.inaturalist.org/observations/86783436","PRESENT",2021,43.81229,-79.150764,4,"Vincetoxicum rossicum","Vincetoxicum rossicum (Kleopow) Barbar."
"232",3327736895,"https://www.inaturalist.org/observations/86472769","PRESENT",2021,43.694653,-79.360917,6,"Vincetoxicum rossicum","Vincetoxicum rossicum (Kleopow) Barbar."
"233",3327720897,"https://www.inaturalist.org/observations/86471467","PRESENT",2021,43.694513,-79.362358,6,"Vincetoxicum rossicum","Vincetoxicum rossicum (Kleopow) Barbar."
"234",3327709903,"https://www.inaturalist.org/observations/86483252","PRESENT",2021,43.700038,-79.352797,8,"Vincetoxicum rossicum","Vincetoxicum rossicum (Kleopow) Barbar."
"235",3327704929,"https://www.inaturalist.org/observations/86475796","PRESENT",2021,43.697772,-79.356362,4,"Vincetoxicum rossicum","Vincetoxicum rossicum (Kleopow) Barbar."
"236",3325591102,"https://www.inaturalist.org/observations/85791756","PRESENT",2021,43.877537,-79.489853,8,"Vincetoxicum rossicum","Vincetoxicum rossicum (Kleopow) Barbar."
"237",3321313471,"https://www.inaturalist.org/observations/85177013","PRESENT",2021,43.830567,-79.411645,5,"Vincetoxicum rossicum","Vincetoxicum rossicum (Kleopow) Barbar."
"238",3314156906,"https://www.inaturalist.org/observations/83754905","PRESENT",2021,43.747592,-79.47335,5,"Vincetoxicum rossicum","Vincetoxicum rossicum (Kleopow) Barbar."
"239",3307281937,"https://www.inaturalist.org/observations/82877752","PRESENT",2021,43.87748,-79.490158,6,"Vincetoxicum rossicum","Vincetoxicum rossicum (Kleopow) Barbar."
"240",3307205692,"https://www.inaturalist.org/observations/82777548","PRESENT",2021,43.644213,-79.320983,16,"Vincetoxicum rossicum","Vincetoxicum rossicum (Kleopow) Barbar."
"241",3302556659,"https://www.inaturalist.org/observations/81624964","PRESENT",2021,43.86502,-79.26802,12,"Vincetoxicum rossicum","Vincetoxicum rossicum (Kleopow) Barbar."
"242",3302518350,"https://www.inaturalist.org/observations/82080101","PRESENT",2021,43.965012,-79.081078,8,"Vincetoxicum rossicum","Vincetoxicum rossicum (Kleopow) Barbar."
"243",3302408724,"https://www.inaturalist.org/observations/82276861","PRESENT",2021,43.96128,-79.057372,6,"Vincetoxicum rossicum","Vincetoxicum rossicum (Kleopow) Barbar."
"244",3302401705,"https://www.inaturalist.org/observations/81091355","PRESENT",2021,43.847946,-79.04287,16,"Vincetoxicum rossicum","Vincetoxicum rossicum (Kleopow) Barbar."
"245",3302305853,"https://www.inaturalist.org/observations/82284771","PRESENT",2021,43.673882,-79.294518,4,"Vincetoxicum rossicum","Vincetoxicum rossicum (Kleopow) Barbar."
"246",3302195689,"https://www.inaturalist.org/observations/81503046","PRESENT",2021,43.811708,-79.159424,4,"Vincetoxicum rossicum","Vincetoxicum rossicum (Kleopow) Barbar."
"247",3302146101,"https://www.inaturalist.org/observations/81597985","PRESENT",2021,43.952263,-79.047944,9,"Vincetoxicum rossicum","Vincetoxicum rossicum (Kleopow) Barbar."
"248",3302114049,"https://www.inaturalist.org/observations/81625087","PRESENT",2021,43.864508,-79.268822,4,"Vincetoxicum rossicum","Vincetoxicum rossicum (Kleopow) Barbar."
"249",3302063033,"https://www.inaturalist.org/observations/81647261","PRESENT",2021,43.7565,-79.655228,10,"Vincetoxicum rossicum","Vincetoxicum rossicum (Kleopow) Barbar."
"250",3302058387,"https://www.inaturalist.org/observations/80914163","PRESENT",2021,43.699507,-79.312993,15,"Vincetoxicum rossicum","Vincetoxicum rossicum (Kleopow) Barbar."
"251",3302033755,"https://www.inaturalist.org/observations/81945649","PRESENT",2021,43.801413,-79.377935,2,"Vincetoxicum rossicum","Vincetoxicum rossicum (Kleopow) Barbar."
"252",3301842194,"https://www.inaturalist.org/observations/80774563","PRESENT",2021,43.713208,-79.40542,10,"Vincetoxicum rossicum","Vincetoxicum rossicum (Kleopow) Barbar."
"253",3124895976,"https://www.inaturalist.org/observations/80351925","PRESENT",2021,43.678986,-79.293106,5,"Vincetoxicum rossicum","Vincetoxicum rossicum (Kleopow) Barbar."
"254",3124879218,"https://www.inaturalist.org/observations/80531680","PRESENT",2021,43.701163,-79.391785,20,"Vincetoxicum rossicum","Vincetoxicum rossicum (Kleopow) Barbar."
"255",3124691992,"https://www.inaturalist.org/observations/80442839","PRESENT",2021,43.829883,-79.388497,5,"Vincetoxicum rossicum","Vincetoxicum rossicum (Kleopow) Barbar."
"256",3124691130,"https://www.inaturalist.org/observations/80495813","PRESENT",2021,43.78548,-79.457612,6,"Vincetoxicum rossicum","Vincetoxicum rossicum (Kleopow) Barbar."
"257",3124644483,"https://www.inaturalist.org/observations/80536607","PRESENT",2021,43.716865,-79.503499,5,"Vincetoxicum rossicum","Vincetoxicum rossicum (Kleopow) Barbar."
"258",3124564821,"https://www.inaturalist.org/observations/79817600","PRESENT",2021,43.875903,-79.486717,14,"Vincetoxicum rossicum","Vincetoxicum rossicum (Kleopow) Barbar."
"259",3124539726,"https://www.inaturalist.org/observations/79839675","PRESENT",2021,43.814952,-79.158069,15,"Vincetoxicum rossicum","Vincetoxicum rossicum (Kleopow) Barbar."
"260",3124537975,"https://www.inaturalist.org/observations/79948807","PRESENT",2021,43.846293,-79.192884,15,"Vincetoxicum rossicum","Vincetoxicum rossicum (Kleopow) Barbar."
"261",3118206656,"https://www.inaturalist.org/observations/79511728","PRESENT",2021,43.737828,-79.21021,10,"Vincetoxicum rossicum","Vincetoxicum rossicum (Kleopow) Barbar."
"262",3117848873,"https://www.inaturalist.org/observations/78906240","PRESENT",2021,43.801075,-79.378548,8,"Vincetoxicum rossicum","Vincetoxicum rossicum (Kleopow) Barbar."
"263",3112803283,"https://www.inaturalist.org/observations/77225384","PRESENT",2020,43.828554,-79.300005,19,"Vincetoxicum rossicum","Vincetoxicum rossicum (Kleopow) Barbar."
"264",3090855860,"https://www.inaturalist.org/observations/62347312","PRESENT",2020,43.708753,-79.240075,6,"Vincetoxicum rossicum","Vincetoxicum rossicum (Kleopow) Barbar."
"265",3090854714,"https://www.inaturalist.org/observations/50602878","PRESENT",2020,43.836778,-79.305855,16,"Vincetoxicum rossicum","Vincetoxicum rossicum (Kleopow) Barbar."
"266",3090827731,"https://www.inaturalist.org/observations/50601760","PRESENT",2020,43.83662,-79.305847,16,"Vincetoxicum rossicum","Vincetoxicum rossicum (Kleopow) Barbar."
"267",3090798922,"https://www.inaturalist.org/observations/73979097","PRESENT",2021,43.913645,-79.204896,8,"Vincetoxicum rossicum","Vincetoxicum rossicum (Kleopow) Barbar."
"268",3090796526,"https://www.inaturalist.org/observations/27414719","PRESENT",2019,43.811858,-79.305983,6,"Vincetoxicum rossicum","Vincetoxicum rossicum (Kleopow) Barbar."
"269",3090774676,"https://www.inaturalist.org/observations/43496410","PRESENT",2020,43.823722,-79.307922,8,"Vincetoxicum rossicum","Vincetoxicum rossicum (Kleopow) Barbar."
"270",3090747788,"https://www.inaturalist.org/observations/51546315","PRESENT",2020,43.767363,-79.379792,16,"Vincetoxicum rossicum","Vincetoxicum rossicum (Kleopow) Barbar."
"271",3090739432,"https://www.inaturalist.org/observations/17253388","PRESENT",2018,43.826213,-79.312713,6,"Vincetoxicum rossicum","Vincetoxicum rossicum (Kleopow) Barbar."
"272",3090717711,"https://www.inaturalist.org/observations/45677324","PRESENT",2020,43.826233,-79.312758,12,"Vincetoxicum rossicum","Vincetoxicum rossicum (Kleopow) Barbar."
"273",3090633726,"https://www.inaturalist.org/observations/50602099","PRESENT",2020,43.836578,-79.305825,16,"Vincetoxicum rossicum","Vincetoxicum rossicum (Kleopow) Barbar."
"274",3090629739,"https://www.inaturalist.org/observations/51538795","PRESENT",2020,43.769803,-79.38118,16,"Vincetoxicum rossicum","Vincetoxicum rossicum (Kleopow) Barbar."
"275",3090605742,"https://www.inaturalist.org/observations/52214828","PRESENT",2020,43.82617,-79.312653,16,"Vincetoxicum rossicum","Vincetoxicum rossicum (Kleopow) Barbar."
"276",3090603862,"https://www.inaturalist.org/observations/59413840","PRESENT",2020,43.704228,-79.24083,12,"Vincetoxicum rossicum","Vincetoxicum rossicum (Kleopow) Barbar."
"277",3090592701,"https://www.inaturalist.org/observations/49516303","PRESENT",2020,43.863078,-79.281897,12,"Vincetoxicum rossicum","Vincetoxicum rossicum (Kleopow) Barbar."
"278",3090585427,"https://www.inaturalist.org/observations/17341730","PRESENT",2018,43.853742,-79.203163,6,"Vincetoxicum rossicum","Vincetoxicum rossicum (Kleopow) Barbar."
"279",3090584879,"https://www.inaturalist.org/observations/67823729","PRESENT",2021,43.827575,-79.308662,8,"Vincetoxicum rossicum","Vincetoxicum rossicum (Kleopow) Barbar."
"280",3090579756,"https://www.inaturalist.org/observations/49514932","PRESENT",2020,43.862328,-79.27748,12,"Vincetoxicum rossicum","Vincetoxicum rossicum (Kleopow) Barbar."
"281",3090537850,"https://www.inaturalist.org/observations/59413394","PRESENT",2020,43.708522,-79.240913,12,"Vincetoxicum rossicum","Vincetoxicum rossicum (Kleopow) Barbar."
"282",3090523813,"https://www.inaturalist.org/observations/56801162","PRESENT",2020,43.83668,-79.305008,12,"Vincetoxicum rossicum","Vincetoxicum rossicum (Kleopow) Barbar."
"283",3079836140,"https://www.inaturalist.org/observations/73307524","PRESENT",2021,43.911348,-79.224962,4,"Vincetoxicum rossicum","Vincetoxicum rossicum (Kleopow) Barbar."
"284",3068102496,"https://www.inaturalist.org/observations/71968146","PRESENT",2021,43.854122,-79.20912,4,"Vincetoxicum rossicum","Vincetoxicum rossicum (Kleopow) Barbar."
"285",3032065419,"https://www.inaturalist.org/observations/67808638","PRESENT",2020,43.610308,-79.568358,10,"Vincetoxicum rossicum","Vincetoxicum rossicum (Kleopow) Barbar."
"286",3031958508,"https://www.inaturalist.org/observations/29962908","PRESENT",2019,43.812388,-79.150864,10,"Vincetoxicum rossicum","Vincetoxicum rossicum (Kleopow) Barbar."
"287",3031847717,"https://www.inaturalist.org/observations/48993175","PRESENT",2020,43.831408,-79.41607,5,"Vincetoxicum rossicum","Vincetoxicum rossicum (Kleopow) Barbar."
"288",3031832746,"https://www.inaturalist.org/observations/48743965","PRESENT",2020,43.791217,-79.349442,10,"Vincetoxicum rossicum","Vincetoxicum rossicum (Kleopow) Barbar."
"289",3031815761,"https://www.inaturalist.org/observations/50490896","PRESENT",2020,43.83427,-79.397737,5,"Vincetoxicum rossicum","Vincetoxicum rossicum (Kleopow) Barbar."
"290",3031811722,"https://www.inaturalist.org/observations/49533172","PRESENT",2020,43.831487,-79.416138,5,"Vincetoxicum rossicum","Vincetoxicum rossicum (Kleopow) Barbar."
"291",3031609450,"https://www.inaturalist.org/observations/25416928","PRESENT",2019,43.867263,-79.270287,10,"Vincetoxicum rossicum","Vincetoxicum rossicum (Kleopow) Barbar."
"292",3031583475,"https://www.inaturalist.org/observations/25417569","PRESENT",2019,43.867578,-79.266005,10,"Vincetoxicum rossicum","Vincetoxicum rossicum (Kleopow) Barbar."
"293",3008568401,"https://www.inaturalist.org/observations/50002230","PRESENT",2020,43.674566,-79.314928,8,"Vincetoxicum rossicum","Vincetoxicum rossicum (Kleopow) Barbar."
"294",3008531401,"https://www.inaturalist.org/observations/48387108","PRESENT",2020,44.009174,-79.086333,2,"Vincetoxicum rossicum","Vincetoxicum rossicum (Kleopow) Barbar."
"295",3008503445,"https://www.inaturalist.org/observations/59176794","PRESENT",2020,43.784012,-79.217493,16,"Vincetoxicum rossicum","Vincetoxicum rossicum (Kleopow) Barbar."
"296",3008415393,"https://www.inaturalist.org/observations/48986060","PRESENT",2020,43.794012,-79.478142,16,"Vincetoxicum rossicum","Vincetoxicum rossicum (Kleopow) Barbar."
"297",3008393338,"https://www.inaturalist.org/observations/29395295","PRESENT",2019,43.720481,-79.486471,8,"Vincetoxicum rossicum","Vincetoxicum rossicum (Kleopow) Barbar."
"298",3005087447,"https://www.inaturalist.org/observations/52611719","PRESENT",2020,43.725537,-79.609992,8,"Vincetoxicum rossicum","Vincetoxicum rossicum (Kleopow) Barbar."
"299",2999166172,"https://www.inaturalist.org/observations/66359577","PRESENT",2020,43.646997,-79.465585,1,"Vincetoxicum rossicum","Vincetoxicum rossicum (Kleopow) Barbar."
"300",2988610532,"https://www.inaturalist.org/observations/50873556","PRESENT",2020,43.691739,-79.397401,10,"Vincetoxicum rossicum","Vincetoxicum rossicum (Kleopow) Barbar."
"301",2988607410,"https://www.inaturalist.org/observations/40053421","PRESENT",2020,44.006484,-79.071418,15,"Vincetoxicum rossicum","Vincetoxicum rossicum (Kleopow) Barbar."
"302",2988591391,"https://www.inaturalist.org/observations/30907713","PRESENT",2019,43.710175,-79.642953,10,"Vincetoxicum rossicum","Vincetoxicum rossicum (Kleopow) Barbar."
"303",2988574632,"https://www.inaturalist.org/observations/56538466","PRESENT",2020,43.629112,-79.47505,17,"Vincetoxicum rossicum","Vincetoxicum rossicum (Kleopow) Barbar."
"304",2988497379,"https://www.inaturalist.org/observations/30841483","PRESENT",2019,43.648925,-79.622064,10,"Vincetoxicum rossicum","Vincetoxicum rossicum (Kleopow) Barbar."
"305",2988468612,"https://www.inaturalist.org/observations/56540093","PRESENT",2020,43.633725,-79.468601,17,"Vincetoxicum rossicum","Vincetoxicum rossicum (Kleopow) Barbar."
"306",2988364338,"https://www.inaturalist.org/observations/20070414","PRESENT",2018,43.701511,-79.327657,3,"Vincetoxicum rossicum","Vincetoxicum rossicum (Kleopow) Barbar."
"307",2984526649,"https://www.inaturalist.org/observations/64440282","PRESENT",2020,43.697187,-79.362542,4,"Vincetoxicum rossicum","Vincetoxicum rossicum (Kleopow) Barbar."
"308",2984396668,"https://www.inaturalist.org/observations/64448151","PRESENT",2020,43.642642,-79.4657,11,"Vincetoxicum rossicum","Vincetoxicum rossicum (Kleopow) Barbar."
"309",2898326748,"https://www.inaturalist.org/observations/62203365","PRESENT",2020,43.659079,-79.452468,10,"Vincetoxicum rossicum","Vincetoxicum rossicum (Kleopow) Barbar."
"310",2868385968,"https://www.inaturalist.org/observations/60608523","PRESENT",2020,43.707703,-79.322563,8,"Vincetoxicum rossicum","Vincetoxicum rossicum (Kleopow) Barbar."
"311",2868175874,"https://www.inaturalist.org/observations/60100659","PRESENT",2020,43.643423,-79.321302,17,"Vincetoxicum rossicum","Vincetoxicum rossicum (Kleopow) Barbar."
"312",2864778675,"https://www.inaturalist.org/observations/59086950","PRESENT",2020,43.786377,-79.125362,6,"Vincetoxicum rossicum","Vincetoxicum rossicum (Kleopow) Barbar."
"313",2864712087,"https://www.inaturalist.org/observations/59921723","PRESENT",2020,43.96523,-79.198745,4,"Vincetoxicum rossicum","Vincetoxicum rossicum (Kleopow) Barbar."
"314",2860227543,"https://www.inaturalist.org/observations/58467897","PRESENT",2020,43.660595,-79.355422,10,"Vincetoxicum rossicum","Vincetoxicum rossicum (Kleopow) Barbar."
"315",2860124844,"https://www.inaturalist.org/observations/58005424","PRESENT",2020,43.792305,-79.376397,5,"Vincetoxicum rossicum","Vincetoxicum rossicum (Kleopow) Barbar."
"316",2859985953,"https://www.inaturalist.org/observations/58082073","PRESENT",2020,43.753404,-79.330708,16,"Vincetoxicum rossicum","Vincetoxicum rossicum (Kleopow) Barbar."
"317",2859971927,"https://www.inaturalist.org/observations/58035476","PRESENT",2020,43.931926,-79.448517,8,"Vincetoxicum rossicum","Vincetoxicum rossicum (Kleopow) Barbar."
"318",2859946639,"https://www.inaturalist.org/observations/57857431","PRESENT",2020,43.70779,-79.36748,1,"Vincetoxicum rossicum","Vincetoxicum rossicum (Kleopow) Barbar."
"319",2856712522,"https://www.inaturalist.org/observations/57773990","PRESENT",2020,43.645853,-79.468039,10,"Vincetoxicum rossicum","Vincetoxicum rossicum (Kleopow) Barbar."
"320",2856538613,"https://www.inaturalist.org/observations/57116845","PRESENT",2020,43.825417,-79.21537,6,"Vincetoxicum rossicum","Vincetoxicum rossicum (Kleopow) Barbar."
"321",2856492854,"https://www.inaturalist.org/observations/57281956","PRESENT",2020,43.642466,-79.463405,4,"Vincetoxicum rossicum","Vincetoxicum rossicum (Kleopow) Barbar."
"322",2851257673,"https://www.inaturalist.org/observations/57067485","PRESENT",2020,43.64518,-79.458476,5,"Vincetoxicum rossicum","Vincetoxicum rossicum (Kleopow) Barbar."
"323",2850972137,"https://www.inaturalist.org/observations/55341250","PRESENT",2020,43.69505,-79.356541,2,"Vincetoxicum rossicum","Vincetoxicum rossicum (Kleopow) Barbar."
"324",2850776377,"https://www.inaturalist.org/observations/56857324","PRESENT",2020,43.723609,-79.22768,10,"Vincetoxicum rossicum","Vincetoxicum rossicum (Kleopow) Barbar."
"325",2826308835,"https://www.inaturalist.org/observations/54894624","PRESENT",2020,43.76979,-79.140481,12,"Vincetoxicum rossicum","Vincetoxicum rossicum (Kleopow) Barbar."
"326",2823374746,"https://www.inaturalist.org/observations/54102486","PRESENT",2020,43.814671,-79.148162,15,"Vincetoxicum rossicum","Vincetoxicum rossicum (Kleopow) Barbar."
"327",2818868362,"https://www.inaturalist.org/observations/53083780","PRESENT",2020,43.800211,-79.130543,8,"Vincetoxicum rossicum","Vincetoxicum rossicum (Kleopow) Barbar."
"328",2818849324,"https://www.inaturalist.org/observations/53048753","PRESENT",2020,43.775397,-79.46302,4,"Vincetoxicum rossicum","Vincetoxicum rossicum (Kleopow) Barbar."
"329",2818759340,"https://www.inaturalist.org/observations/29657295","PRESENT",2019,43.755591,-79.275908,12,"Vincetoxicum rossicum","Vincetoxicum rossicum (Kleopow) Barbar."
"330",2818737343,"https://www.inaturalist.org/observations/30900369","PRESENT",2019,43.731004,-79.620674,4,"Vincetoxicum rossicum","Vincetoxicum rossicum (Kleopow) Barbar."
"331",2818701347,"https://www.inaturalist.org/observations/31890119","PRESENT",2019,43.752661,-79.427693,16,"Vincetoxicum rossicum","Vincetoxicum rossicum (Kleopow) Barbar."
"332",2818655358,"https://www.inaturalist.org/observations/53111218","PRESENT",2020,43.705693,-79.382126,19,"Vincetoxicum rossicum","Vincetoxicum rossicum (Kleopow) Barbar."
"333",2818587364,"https://www.inaturalist.org/observations/32499587","PRESENT",2019,43.628119,-79.730972,8,"Vincetoxicum rossicum","Vincetoxicum rossicum (Kleopow) Barbar."
"334",2818554345,"https://www.inaturalist.org/observations/29637414","PRESENT",2019,43.663812,-79.507053,6,"Vincetoxicum rossicum","Vincetoxicum rossicum (Kleopow) Barbar."
"335",2818547345,"https://www.inaturalist.org/observations/27609683","PRESENT",2019,43.703693,-79.322068,5,"Vincetoxicum rossicum","Vincetoxicum rossicum (Kleopow) Barbar."
"336",2818530361,"https://www.inaturalist.org/observations/32793264","PRESENT",2019,43.749854,-79.346699,16,"Vincetoxicum rossicum","Vincetoxicum rossicum (Kleopow) Barbar."
"337",2818509362,"https://www.inaturalist.org/observations/32175950","PRESENT",2019,43.783293,-79.188278,10,"Vincetoxicum rossicum","Vincetoxicum rossicum (Kleopow) Barbar."
"338",2814251914,"https://www.inaturalist.org/observations/50982675","PRESENT",2020,43.744316,-79.408194,10,"Vincetoxicum rossicum","Vincetoxicum rossicum (Kleopow) Barbar."
"339",2814193827,"https://www.inaturalist.org/observations/50986883","PRESENT",2020,43.827735,-79.081567,19,"Vincetoxicum rossicum","Vincetoxicum rossicum (Kleopow) Barbar."
"340",2814182573,"https://www.inaturalist.org/observations/48257439","PRESENT",2020,43.854778,-79.450092,8,"Vincetoxicum rossicum","Vincetoxicum rossicum (Kleopow) Barbar."
"341",2814113572,"https://www.inaturalist.org/observations/48688950","PRESENT",2020,43.645538,-79.465045,3,"Vincetoxicum rossicum","Vincetoxicum rossicum (Kleopow) Barbar."
"342",2814099174,"https://www.inaturalist.org/observations/51864162","PRESENT",2020,43.813895,-79.154554,2,"Vincetoxicum rossicum","Vincetoxicum rossicum (Kleopow) Barbar."
"343",2814098221,"https://www.inaturalist.org/observations/52216802","PRESENT",2020,43.991812,-79.203218,6,"Vincetoxicum rossicum","Vincetoxicum rossicum (Kleopow) Barbar."
"344",2814091823,"https://www.inaturalist.org/observations/51329044","PRESENT",2020,43.812847,-79.484353,18,"Vincetoxicum rossicum","Vincetoxicum rossicum (Kleopow) Barbar."
"345",2814046790,"https://www.inaturalist.org/observations/51364382","PRESENT",2020,43.6399,-79.455742,6,"Vincetoxicum rossicum","Vincetoxicum rossicum (Kleopow) Barbar."
"346",2813994948,"https://www.inaturalist.org/observations/51371605","PRESENT",2020,43.818635,-79.152877,4,"Vincetoxicum rossicum","Vincetoxicum rossicum (Kleopow) Barbar."
"347",2813948596,"https://www.inaturalist.org/observations/48824797","PRESENT",2020,43.944723,-79.350641,8,"Vincetoxicum rossicum","Vincetoxicum rossicum (Kleopow) Barbar."
"348",2813938477,"https://www.inaturalist.org/observations/38454766","PRESENT",2018,43.95631,-79.65324,5,"Vincetoxicum rossicum","Vincetoxicum rossicum (Kleopow) Barbar."
"349",2813931622,"https://www.inaturalist.org/observations/48821020","PRESENT",2020,43.942749,-79.355132,8,"Vincetoxicum rossicum","Vincetoxicum rossicum (Kleopow) Barbar."
"350",2813924595,"https://www.inaturalist.org/observations/47557395","PRESENT",2020,43.719806,-79.579932,7,"Vincetoxicum rossicum","Vincetoxicum rossicum (Kleopow) Barbar."
"351",2803138309,"https://www.inaturalist.org/observations/49435048","PRESENT",2020,43.683445,-79.338647,7,"Vincetoxicum rossicum","Vincetoxicum rossicum (Kleopow) Barbar."
"352",2803110403,"https://www.inaturalist.org/observations/50879228","PRESENT",2020,43.74479,-79.407341,10,"Vincetoxicum rossicum","Vincetoxicum rossicum (Kleopow) Barbar."
"353",2803071784,"https://www.inaturalist.org/observations/50605714","PRESENT",2020,43.653324,-79.462876,8,"Vincetoxicum rossicum","Vincetoxicum rossicum (Kleopow) Barbar."
"354",2802940010,"https://www.inaturalist.org/observations/49357239","PRESENT",2020,43.854145,-79.349937,5,"Vincetoxicum rossicum","Vincetoxicum rossicum (Kleopow) Barbar."
"355",2802920294,"https://www.inaturalist.org/observations/49839756","PRESENT",2020,43.823077,-79.169567,10,"Vincetoxicum rossicum","Vincetoxicum rossicum (Kleopow) Barbar."
"356",2802897576,"https://www.inaturalist.org/observations/50565428","PRESENT",2020,43.861848,-79.102074,4,"Vincetoxicum rossicum","Vincetoxicum rossicum (Kleopow) Barbar."
"357",2802876552,"https://www.inaturalist.org/observations/50047973","PRESENT",2020,43.682755,-79.365997,10,"Vincetoxicum rossicum","Vincetoxicum rossicum (Kleopow) Barbar."
"358",2802753339,"https://www.inaturalist.org/observations/49787492","PRESENT",2020,43.687483,-79.36487,10,"Vincetoxicum rossicum","Vincetoxicum rossicum (Kleopow) Barbar."
"359",2802718203,"https://www.inaturalist.org/observations/50045008","PRESENT",2020,43.677411,-79.366184,10,"Vincetoxicum rossicum","Vincetoxicum rossicum (Kleopow) Barbar."
"360",2802709696,"https://www.inaturalist.org/observations/49607707","PRESENT",2020,43.761863,-79.29863,6,"Vincetoxicum rossicum","Vincetoxicum rossicum (Kleopow) Barbar."
"361",2802660349,"https://www.inaturalist.org/observations/50060859","PRESENT",2020,43.831925,-79.393508,5,"Vincetoxicum rossicum","Vincetoxicum rossicum (Kleopow) Barbar."
"362",2802657082,"https://www.inaturalist.org/observations/49488707","PRESENT",2020,43.795955,-79.476058,6,"Vincetoxicum rossicum","Vincetoxicum rossicum (Kleopow) Barbar."
"363",2802536899,"https://www.inaturalist.org/observations/49478793","PRESENT",2020,43.79395,-79.478088,11,"Vincetoxicum rossicum","Vincetoxicum rossicum (Kleopow) Barbar."
"364",2641538049,"https://www.inaturalist.org/observations/48840907","PRESENT",2020,43.855562,-79.44655,8,"Vincetoxicum rossicum","Vincetoxicum rossicum (Kleopow) Barbar."
"365",2641445432,"https://www.inaturalist.org/observations/49048263","PRESENT",2020,43.816537,-79.02845,5,"Vincetoxicum rossicum","Vincetoxicum rossicum (Kleopow) Barbar."
"366",2641416273,"https://www.inaturalist.org/observations/48959010","PRESENT",2020,43.819697,-79.170583,4,"Vincetoxicum rossicum","Vincetoxicum rossicum (Kleopow) Barbar."
"367",2634286435,"https://www.inaturalist.org/observations/47210946","PRESENT",2020,43.695571,-79.364752,9,"Vincetoxicum rossicum","Vincetoxicum rossicum (Kleopow) Barbar."
"368",2634111945,"https://www.inaturalist.org/observations/48196702","PRESENT",2020,43.748172,-79.486305,5,"Vincetoxicum rossicum","Vincetoxicum rossicum (Kleopow) Barbar."
"369",2634095126,"https://www.inaturalist.org/observations/48285402","PRESENT",2020,43.735398,-79.573371,10,"Vincetoxicum rossicum","Vincetoxicum rossicum (Kleopow) Barbar."
"370",2597713743,"https://www.inaturalist.org/observations/26225387","PRESENT",2019,43.687842,-79.326858,9,"Vincetoxicum rossicum","Vincetoxicum rossicum (Kleopow) Barbar."
"371",2596244942,"https://www.inaturalist.org/observations/30285117","PRESENT",2019,43.840202,-79.54571,2,"Vincetoxicum rossicum","Vincetoxicum rossicum (Kleopow) Barbar."
"372",2595992005,"https://www.inaturalist.org/observations/13875229","PRESENT",2018,43.742086,-79.483858,20,"Vincetoxicum rossicum","Vincetoxicum rossicum (Kleopow) Barbar."
"373",2574274012,"https://www.inaturalist.org/observations/38265138","PRESENT",2012,43.701147,-79.328714,5,"Vincetoxicum rossicum","Vincetoxicum rossicum (Kleopow) Barbar."
"374",2574129565,"https://www.inaturalist.org/observations/37962895","PRESENT",2020,43.785948,-79.466982,5,"Vincetoxicum rossicum","Vincetoxicum rossicum (Kleopow) Barbar."
"375",2574048206,"https://www.inaturalist.org/observations/33348429","PRESENT",2019,43.618978,-79.741119,10,"Vincetoxicum rossicum","Vincetoxicum rossicum (Kleopow) Barbar."
"376",2573826172,"https://www.inaturalist.org/observations/33348408","PRESENT",2019,43.619069,-79.742011,5,"Vincetoxicum rossicum","Vincetoxicum rossicum (Kleopow) Barbar."
"377",2543092193,"https://www.inaturalist.org/observations/37195545","PRESENT",2020,43.675605,-79.510806,6,"Vincetoxicum rossicum","Vincetoxicum rossicum (Kleopow) Barbar."
"378",2529387146,"https://www.inaturalist.org/observations/32475109","PRESENT",2019,43.785401,-79.188857,5,"Vincetoxicum rossicum","Vincetoxicum rossicum (Kleopow) Barbar."
"379",2529288165,"https://www.inaturalist.org/observations/33353298","PRESENT",2019,43.691506,-79.674508,5,"Vincetoxicum rossicum","Vincetoxicum rossicum (Kleopow) Barbar."
"380",2529282119,"https://www.inaturalist.org/observations/33353262","PRESENT",2019,43.691661,-79.674942,10,"Vincetoxicum rossicum","Vincetoxicum rossicum (Kleopow) Barbar."
"381",2518149884,"https://www.inaturalist.org/observations/36564327","PRESENT",2016,43.68905,-79.315155,2,"Vincetoxicum rossicum","Vincetoxicum rossicum (Kleopow) Barbar."
"382",2518041293,"https://www.inaturalist.org/observations/36563922","PRESENT",2016,43.690221,-79.327388,2,"Vincetoxicum rossicum","Vincetoxicum rossicum (Kleopow) Barbar."
"383",2465118784,"https://www.inaturalist.org/observations/31173188","PRESENT",2019,43.686963,-79.367281,10,"Vincetoxicum rossicum","Vincetoxicum rossicum (Kleopow) Barbar."
"384",2445131334,"https://www.inaturalist.org/observations/34747094","PRESENT",2019,43.624728,-79.71885,10,"Vincetoxicum rossicum","Vincetoxicum rossicum (Kleopow) Barbar."
"385",2445044345,"https://www.inaturalist.org/observations/34819843","PRESENT",2015,43.701655,-79.332666,5,"Vincetoxicum rossicum","Vincetoxicum rossicum (Kleopow) Barbar."
"386",2429591673,"https://www.inaturalist.org/observations/34381708","PRESENT",2019,43.67833,-79.508467,8,"Vincetoxicum rossicum","Vincetoxicum rossicum (Kleopow) Barbar."
"387",2429455835,"https://www.inaturalist.org/observations/34049140","PRESENT",2019,43.959592,-79.52677,4,"Vincetoxicum rossicum","Vincetoxicum rossicum (Kleopow) Barbar."
"388",2429423146,"https://www.inaturalist.org/observations/34026874","PRESENT",2019,43.77593,-79.134138,3,"Vincetoxicum rossicum","Vincetoxicum rossicum (Kleopow) Barbar."
"389",2429422218,"https://www.inaturalist.org/observations/34027311","PRESENT",2019,43.6788,-79.676133,5,"Vincetoxicum rossicum","Vincetoxicum rossicum (Kleopow) Barbar."
"390",2429415052,"https://www.inaturalist.org/observations/33990026","PRESENT",2019,43.823327,-79.18334,11,"Vincetoxicum rossicum","Vincetoxicum rossicum (Kleopow) Barbar."
"391",2423069700,"https://www.inaturalist.org/observations/32721697","PRESENT",2019,43.74488,-79.339539,16,"Vincetoxicum rossicum","Vincetoxicum rossicum (Kleopow) Barbar."
"392",2422876033,"https://www.inaturalist.org/observations/30907621","PRESENT",2019,43.707703,-79.624131,10,"Vincetoxicum rossicum","Vincetoxicum rossicum (Kleopow) Barbar."
"393",2422875956,"https://www.inaturalist.org/observations/30907493","PRESENT",2019,43.7112,-79.63095,5,"Vincetoxicum rossicum","Vincetoxicum rossicum (Kleopow) Barbar."
"394",2422875351,"https://www.inaturalist.org/observations/30841289","PRESENT",2019,43.630836,-79.634675,5,"Vincetoxicum rossicum","Vincetoxicum rossicum (Kleopow) Barbar."
"395",2422875284,"https://www.inaturalist.org/observations/30841284","PRESENT",2019,43.631236,-79.635331,5,"Vincetoxicum rossicum","Vincetoxicum rossicum (Kleopow) Barbar."
"396",2422875282,"https://www.inaturalist.org/observations/30841281","PRESENT",2019,43.631247,-79.635383,5,"Vincetoxicum rossicum","Vincetoxicum rossicum (Kleopow) Barbar."
"397",2350449576,"https://www.inaturalist.org/observations/30907484","PRESENT",2019,43.711297,-79.630303,5,"Vincetoxicum rossicum","Vincetoxicum rossicum (Kleopow) Barbar."
"398",2350449417,"https://www.inaturalist.org/observations/30907681","PRESENT",2019,43.718553,-79.632636,5,"Vincetoxicum rossicum","Vincetoxicum rossicum (Kleopow) Barbar."
"399",2350449282,"https://www.inaturalist.org/observations/30907622","PRESENT",2019,43.707844,-79.624497,10,"Vincetoxicum rossicum","Vincetoxicum rossicum (Kleopow) Barbar."
"400",2350448153,"https://www.inaturalist.org/observations/30907644","PRESENT",2019,43.714611,-79.632819,10,"Vincetoxicum rossicum","Vincetoxicum rossicum (Kleopow) Barbar."
"401",2350433245,"https://www.inaturalist.org/observations/30843673","PRESENT",2019,43.863426,-79.31243,10,"Vincetoxicum rossicum","Vincetoxicum rossicum (Kleopow) Barbar."
"402",2350431571,"https://www.inaturalist.org/observations/30841609","PRESENT",2019,43.6475,-79.611106,10,"Vincetoxicum rossicum","Vincetoxicum rossicum (Kleopow) Barbar."
"403",2350421100,"https://www.inaturalist.org/observations/30816266","PRESENT",2019,43.647945,-79.458367,16,"Vincetoxicum rossicum","Vincetoxicum rossicum (Kleopow) Barbar."
"404",2350413856,"https://www.inaturalist.org/observations/30745556","PRESENT",2019,43.738381,-79.329116,5,"Vincetoxicum rossicum","Vincetoxicum rossicum (Kleopow) Barbar."
"405",2331956573,"https://www.inaturalist.org/observations/30396194","PRESENT",2019,43.69349,-79.36108,9,"Vincetoxicum rossicum","Vincetoxicum rossicum (Kleopow) Barbar."
"406",2294669365,"https://www.inaturalist.org/observations/29478775","PRESENT",2019,43.87137,-79.294014,12,"Vincetoxicum rossicum","Vincetoxicum rossicum (Kleopow) Barbar."
"407",2294667060,"https://www.inaturalist.org/observations/29473370","PRESENT",2019,43.683422,-79.323072,13,"Vincetoxicum rossicum","Vincetoxicum rossicum (Kleopow) Barbar."
"408",2294652950,"https://www.inaturalist.org/observations/29410795","PRESENT",2019,43.648406,-79.467495,10,"Vincetoxicum rossicum","Vincetoxicum rossicum (Kleopow) Barbar."
"409",2294647916,"https://www.inaturalist.org/observations/29393076","PRESENT",2019,43.645051,-79.460065,20,"Vincetoxicum rossicum","Vincetoxicum rossicum (Kleopow) Barbar."
"410",2294545832,"https://www.inaturalist.org/observations/29003888","PRESENT",2019,43.712741,-79.319752,6,"Vincetoxicum rossicum","Vincetoxicum rossicum (Kleopow) Barbar."
"411",2273232304,"https://www.inaturalist.org/observations/27400290","PRESENT",2019,43.8186,-79.171945,6,"Vincetoxicum rossicum","Vincetoxicum rossicum (Kleopow) Barbar."
"412",2269323492,"https://www.inaturalist.org/observations/27328144","PRESENT",2019,43.765702,-79.377841,6,"Vincetoxicum rossicum","Vincetoxicum rossicum (Kleopow) Barbar."
"413",2269296714,"https://www.inaturalist.org/observations/27217584","PRESENT",2019,43.763044,-79.349898,6,"Vincetoxicum rossicum","Vincetoxicum rossicum (Kleopow) Barbar."
"414",2269262667,"https://www.inaturalist.org/observations/27076650","PRESENT",2019,43.803463,-79.30687,16,"Vincetoxicum rossicum","Vincetoxicum rossicum (Kleopow) Barbar."
"415",2265830390,"https://www.inaturalist.org/observations/26623783","PRESENT",2019,43.841394,-79.613421,5,"Vincetoxicum rossicum","Vincetoxicum rossicum (Kleopow) Barbar."
"416",2251998433,"https://www.inaturalist.org/observations/26175416","PRESENT",2019,43.688404,-79.325872,5,"Vincetoxicum rossicum","Vincetoxicum rossicum (Kleopow) Barbar."
"417",1948774699,"https://www.inaturalist.org/observations/18825480","PRESENT",2018,43.836533,-79.420058,5,"Vincetoxicum rossicum","Vincetoxicum rossicum (Kleopow) Barbar."
"418",1935600504,"https://www.inaturalist.org/observations/18098343","PRESENT",2018,43.871805,-79.130015,8,"Vincetoxicum rossicum","Vincetoxicum rossicum (Kleopow) Barbar."
"419",1913155151,"https://www.inaturalist.org/observations/16288954","PRESENT",2018,43.80705,-79.151465,4,"Vincetoxicum rossicum","Vincetoxicum rossicum (Kleopow) Barbar."
"420",1883927468,"https://www.inaturalist.org/observations/14571592","PRESENT",2018,43.822079,-79.177623,8,"Vincetoxicum rossicum","Vincetoxicum rossicum (Kleopow) Barbar."
"421",1883472676,"https://www.inaturalist.org/observations/14140000","PRESENT",2018,43.723459,-79.608188,9,"Vincetoxicum rossicum","Vincetoxicum rossicum (Kleopow) Barbar."
"422",1880637054,"https://www.inaturalist.org/observations/14052053","PRESENT",2018,43.723961,-79.365607,11,"Vincetoxicum rossicum","Vincetoxicum rossicum (Kleopow) Barbar."
"423",1850919301,"https://www.inaturalist.org/observations/13163293","PRESENT",2018,43.814286,-79.271439,4,"Vincetoxicum rossicum","Vincetoxicum rossicum (Kleopow) Barbar."
"424",1848762985,"https://www.inaturalist.org/observations/12922238","PRESENT",2018,43.7791,-79.478435,6,"Vincetoxicum rossicum","Vincetoxicum rossicum (Kleopow) Barbar."
"425",1806337460,"https://www.inaturalist.org/observations/9541064","PRESENT",2018,43.64134,-79.463622,8,"Vincetoxicum rossicum","Vincetoxicum rossicum (Kleopow) Barbar."
"426",1572374218,"http://inaturalist.ca/observations/6954121","PRESENT",2017,43.81918,-79.171227,8,"Vincetoxicum rossicum","Vincetoxicum rossicum (Kleopow) Barbar."
"427",1571180745,"http://inaturalist.ca/observations/6787167","PRESENT",2017,43.818471,-79.170124,5,"Vincetoxicum rossicum","Vincetoxicum rossicum (Kleopow) Barbar."
"428",1291156609,"http://www.inaturalist.org/observations/3774089","PRESENT",2016,43.643752,-79.467608,1,"Vincetoxicum rossicum","Vincetoxicum rossicum (Kleopow) Barbar."
"429",1227716954,"http://www.inaturalist.org/observations/1628439","PRESENT",2015,43.731765,-79.324768,10,"Vincetoxicum rossicum","Vincetoxicum rossicum (Kleopow) Barbar."
"430",1098909250,"http://www.inaturalist.org/observations/1628490","PRESENT",2015,43.738978,-79.329522,5,"Vincetoxicum rossicum","Vincetoxicum rossicum (Kleopow) Barbar."
